TITLE: Bill of Materials
BOM NO: 05-049518-01-b.csv
DATE: 10/01/2018
DESIGN: 02_049518b_top
TEMPLATE: Z:\allegro\v172_site\cdssetup\template.bom
CALLOUT: C:\tmp\20_049518b\worklib\02_049518b_top\bom\bom.callouts

ITEM#,Qty,WW_PN,DESCRIPTION," VALUE",JEDEC_TYPE,TOL,VOLTAGE,WATTAGE,LOCATION,MFG," MFG_PN",HLM_STATUS,STOCKROOM_WL,STOCKROOM_GT,STOCKROOM_LK,STOCKROOM_GBO,STOCKROOM_NSH,CUSTOM_PART,DNI
1,1,08_049518b,PCB,?,?,?,?,?,?,Analog Devices Supplied,08_049518b,N/A,?,?,?,?,?,?,?
2,1,E032156,"IC-LIN MICROPOWER PRECISION, DUAL CMOS RAIL-TO-RAIL IN/OUT AMP"," LTC6078IMS8#PBF",MSOP8,N/A,N/A,?,A1,ANALOG DEVICES," LTC6078IMS8#PBF",REL,N/A,N/A,N/A,N/A,N/A,?,?
3,12,E011567,"CAP CER X5R, GENERAL PURPOSE"," 0.1uF",C0201,10,6.3V,N/A,"C1,C8,C9,C10,C15,C16,C20,C21,C25,C26,C27,C28",MURATA," GRM033R60J104KE19D",REL,N/A,40302JH901,N/A,1646_CAB3,N/A,?,?
4,6,E019601,CAP CER X7R," 0.47uF",C0603,10,35V,N/A,"C13,C17,C18,C19,C22,C23",TAIYO YUDEN," GMK107B7474KAHT",REL,N/A,N/A,N/A,N/A,N/A,?,?
5,2,E020089,CAP CER X5R," 4.7uF",C0402,10,6.3V,N/A,"C6,C14",TDK," C1005X5R0J475K050BC",REL,N/A,N/A,N/A,1661_CAB3,N/A,?,?
6,1,E015937,CAP RF/MICROWAVE C0G," 10pF",C0402,2,50V,N/A,C2,AVX," 04025U100GAT2A",REL,N/A,ADD_TO_STOCK,N/A,N/A,7002457,?,?
7,1,E025260,CAP CER X5R," 4.7UF",C0402,20,6.3V,N/A,C24,TDK," C1005X5R0J475M050BC",REL,N/A,N/A,N/A,N/A,N/A,?,?
8,2,E028646,"CAP CER C0G (NP0), GENERAL PURPOSE"," 1000PF",C0201,5,25V,N/A,"C29,C30",MURATA," GRM0335C1E102JA01D",REL,N/A,N/A,N/A,N/A,N/A,?,?
9,1,E033698,CAP CER X7R," 1UF",C0603,10,10V,N/A,C3,SAMSUNG," CL10B105KP8NNNC",REL,N/A,N/A,N/A,N/A,N/A,?,?
10,1,E020900,CAP TANT SOLID ELECTROLYTIC," 4.7uF",CPL0805,N/A,N/A,N/A,C7,AVX," TCJR475M010R0500",REL,N/A,N/A,N/A,N/A,N/A,?,?
11,1,E024592,"IND CHIP FERRITE BEAD, 0.85 OHM MAX DC RESISTANCE 0.25A"," 600OHM AT 100MEGHZ",L0201H13,25,N/A,N/A,E2,MURATA," BLM03AX601SN1D",REL,N/A,N/A,N/A,N/A,N/A,?,?
12,1,E017238,CONN-PCB BNC ST," 5-1634503-1",CNTYCO5-1634503-1,N/A,N/A,N/A,J1,TE CONNECTIVITY LTD," 5-1634503-1",REL,N/A,N/A,N/A,N/A,6002468,?,?
13,1,E029706,"CONN-PCB 14POS SKT STRIP FEMALE DOUBLE ROW, 1.27MM PITCH"," SFM-107-02-L-D",CNSAMTECSFM-107-02-X-D,N/A,N/A,N/A,P1,SAMTEC INC.," SFM-107-02-L-D",REL,N/A,N/A,N/A,N/A,N/A,?,?
14,1,E032158,"CONN-PCB RCA JACK, VERT, WHITE"," RCJ-023",CNCUIRCJ-02X,N/A,N/A,N/A,P2,SWITCHCRAFT," RCJ-023",REL,N/A,N/A,N/A,N/A,N/A,?,?
15,1,E006296,CONN-PCB HEADER 2 POS," TSW-102-08-G-S",CNSAMTEC1X2H330LD36,N/A,N/A,N/A,P3,SAMTEC," TSW-102-08-G-S",REL,ADD_TO_STOCK_2,N/A,N/A,N/A,N/A,?,?
16,2,E016329,RES PRECISION THICK FILM CHIP," 100",R0402,1,N/A,1/10W,"R1,R2",PANASONIC," ERJ-2RKF1000X",REL,N/A,N/A,N/A,N/A,7005699,?,?
18,1,E014755,RES GEN PURPOSE CHIP," 1.6",R0402,1,N/A,1/16W,R11,YAGEO," RC0402FR-071R6L",REL,N/A,N/A,N/A,N/A,7005578,?,?
19,2,E017051,RES GEN PURPOSE CHIP," 100K",R0402,5,N/A,1/16W,"R5,R12",YAGEO," RC0402JR-07100KL",REL,N/A,N/A,N/A,N/A,7005771,?,?
20,1,E020465,RES GEN PURPOSE CHIP," 10MEG",R0402,1,N/A,1/16W,R13,YAGEO," RC0402FR-0710ML",REL,N/A,N/A,N/A,N/A,N/A,?,?
21,1,E019320,RES METAL THIN FILM CHIP," 25.5K",R0402,0.1,N/A,1/16W,R14,PANASONIC," ERA-2AEB2552X",REL,N/A,N/A,N/A,N/A,7006937,?,?
22,1,E020373,RES STD THICK FILM CHIP," 1MEG",R0402,0.5,N/A,1/16W,R15,VISHAY," CRCW04021M00DHEDP",REL,N/A,N/A,N/A,N/A,N/A,?,?
23,1,E031286,"RES METAL THIN FILM CHIP, HIGH RELIABILITY"," 2K",R0402,0.1,N/A,1/16W,R16,PANASONIC," ERA-2AEB202X",REL,N/A,N/A,N/A,N/A,N/A,?,?
24,1,E033666,RES PRECISION THIN FILM CHIP," 200K",R0402,0.1,N/A,1/16W,R17,TE CONNECTIVITY," CPF0402B200KE1",REL,N/A,N/A,N/A,N/A,N/A,?,?
25,1,E006431,RES CHIP SMD 0402," 200",R0402,0.1,N/A,1/16W,R4,"SUSUMU CO, LTD"," RG1005P-201-B-T5",REL,A003-0093-005,41816JH954,N/A,N/A,N/A,?,?
26,2,E006826,RES FILM SMD 0603," 0",R0603,5,N/A,1/10W,"R7,R8",PANASONIC," ERJ-3GEY0R00V",REL,A003-0038-001,N/A,N/A,N/A,7008623,?,?
28,1,E033634,"SWITCH SLIDE 2PDT, 0.1A"," CAS-220TA",SWSML213W154H98,N/A,6V,N/A,S1,NIDEC COPAL ELECTRONICS," CAS-220TA",REL,N/A,N/A,N/A,N/A,N/A,?,?
29,1,E033637,"SWITCH SLIDE SPDT, 0.1A"," CJS-1200TA",SWSML213W98H98_39X63,N/A,6V,N/A,S2,NIDEC COPAL ELECTRONICS," CJS-1200TA",REL,N/A,N/A,N/A,N/A,N/A,?,?
30,1,E028185,IC-ADI PREC ANALOG AND ELECTROCHEMICAL SENSOR MICROCONTROLLER PRELIM," ADUCM355",LGA72_5X6,N/A,N/A,?,U1,ANALOG DEVICES," ADUCM355",RWC,N/A,N/A,N/A,N/A,N/A,?,?

Mechanical Parts
ITEM#,Qty,WW_PN,DESCRIPTION," VALUE",JEDEC_TYPE,TOL,VOLTAGE,WATTAGE,LOCATION,MFG," MFG_PN",HLM_STATUS,STOCKROOM_WL,STOCKROOM_GT,STOCKROOM_LK,STOCKROOM_GBO,STOCKROOM_NSH,CUSTOM_PART,DNI
2,2,M033641,NUT HEX 0.157 INCH M2," ?",N/A,?,?,?,?,B&F FASTENER SUPPLY," MHNZ 002 4",REL,N/A,N/A,N/A,N/A,N/A,?,?
3,2,M033640,SCREW MACHINE PAN HEAD PHILLIPS M2," ?",N/A,?,?,?,?,B&F FASTENER SUPPLY," MPMS 002 0012 PH",REL,N/A,N/A,N/A,N/A,N/A,?,?
4,2,M033639,STANDOFF HEX M2X0.4 BRASS 6MM," ?",N/A,?,?,?,?,HARWIN," R20-1000602",REL,N/A,N/A,N/A,N/A,N/A,?,?
5,3,M029337,"JUMPER OPEN TOP, 2.54MM CONTACT CENTER, BLACK"," ?",N/A,?,?,?,?,SULLINS," QPC02SXGN-RC",REL,N/A,N/A,N/A,N/A,N/A,?,?


The following components are part of the PCB or are NOT to be installed
ITEM#,Qty,WW_PN,DESCRIPTION," VALUE",JEDEC_TYPE,TOL,VOLTAGE,WATTAGE,LOCATION,MFG," MFG_PN",HLM_STATUS,STOCKROOM_WL,STOCKROOM_GT,STOCKROOM_LK,STOCKROOM_GBO,STOCKROOM_NSH,CUSTOM_PART,DNI
 17,1,E017051,RES GEN PURPOSE CHIP," 100K",R0402,5,N/A,1/16W,R10,YAGEO," RC0402JR-07100KL",REL,N/A,N/A,N/A,N/A,7005771,?,DNI
 27,1,E006826,RES FILM SMD 0603," 0",R0603,5,N/A,1/10W,R9,PANASONIC," ERJ-3GEY0R00V",REL,A003-0038-001,N/A,N/A,N/A,7008623,?,DNI
 Callouts File:C:\tmp\20_049518b\worklib\02_049518b_top\bom\bom.callouts

